Title,Company,Location,CreatedAt
Salesforce  Developer| CMMI-3| Noida/Indore/Pune,Ksolves India Limited,"Pune, Maharashtra, India",2023-06-06
Salesforce Developer || CMMI -3 || Remote Working,Ksolves India Limited,"Noida, Uttar Pradesh, India",2023-06-06
Urgent looking for Salesforce Developer | CMMI-3 | Indore Location,Ksolves India Limited,"Madhya Pradesh, India",2023-06-06
Salesforce Developer - Immediate Joiners,StatusNeo,"Mumbai, Maharashtra, India",2023-06-06
Salesforce Developer,Appcino Technologies | Part of Xebia,"Pune, Maharashtra, India",2023-06-06
Salesforce Developer,CETPA Infotech Pvt. ltd.,"Bengaluru North, Karnataka, India",2023-06-06
Sr. Salesforce Developer,Yantra,"Pune, Maharashtra, India",2023-06-06
Salesforce Developer-Immediate Joiners,StatusNeo,"Hyderabad, Telangana, India",2023-06-06
Senior Software Engineer - Salesforce,Victoria's Secret,"Bengaluru, Karnataka, India",
Salesforce developer,StatusNeo,"Hyderabad, Telangana, India",2023-06-06
Salesforce Developer,App Innovation Technologies,"Coimbatore, Tamil Nadu, India",2023-06-06
Salesforce Developer,Nivasoft,"Bengaluru East, Karnataka, India",2023-06-05
Salesforce Developer,BLJ Tech Geeks,"Kochi, Kerala, India",2023-06-06
Salesforce developer,Tech-Soul Technologies,"Pune, Maharashtra, India",2023-06-06
Salesforce Developer_Bharti,CodersBrain,"Bengaluru, Karnataka, India",2023-05-05
Salesforce Developer,AK Networks India,"Ahmedabad, Gujarat, India",2023-05-05
Salesforce developer,NuStar Technologies,"Bangalore Urban, Karnataka, India",2023-02-28
Salesforce developer_Ekloud,CodersBrain,"Bengaluru, Karnataka, India",2023-05-05
Salesforce Developer,Trumatics Software Labs,India,2023-05-05
Salesforce Developer,Neuronimbus,"Mumbai, Maharashtra, India",2023-06-06
Jr. Salesforce Developer,Rialtes Technologies,"Pune, Maharashtra, India",2023-05-30
Salesforce Developer,NuStar Technologies,"Thiruvananthapuram, Kerala, India",2023-04-28
Salesforce Developer/SFDC,NuStar Technologies,Pune/Pimpri-Chinchwad Area,2023-06-05
Salesforce Developer,NuStar Technologies,Greater Kolkata Area,2023-04-18
Salesforce Developer,Krishpar Technologies Pvt. Ltd,"Chennai, Tamil Nadu, India",2023-06-05
Salesforce Developer/SFDC,NuStar Technologies,Pune/Pimpri-Chinchwad Area,2023-06-05
Salesforce Developer,NuStar Technologies,Greater Kolkata Area,2023-04-18
Salesforce Developer,Krishpar Technologies Pvt. Ltd,"Chennai, Tamil Nadu, India",2023-06-05
Salesforce Developer,Anuyat,"Pune, Maharashtra, India",2023-05-31
Salesforce Developer_Ekloud,CodersBrain,"Bengaluru, Karnataka, India",2023-04-10
Salesforce Developer,Response Informatics,"Vijayawada, Andhra Pradesh, India",2023-06-06
Salesforce developer,CodersBrain,"Bengaluru, Karnataka, India",2023-05-05
Salesforce_Developer_Mansi,CodersBrain,"Bengaluru, Karnataka, India",2023-05-05
Salesforce developer_Tech Mahindra,CodersBrain,"Nagpur, Maharashtra, India",2023-05-05
Salesforce Developer,Centelon Solutions,"Mumbai, Maharashtra, India",2023-06-06
Urgent candidates for Salesforce Developer,Metacube Software Pvt Ltd,"Jaipur, Rajasthan, India",2023-04-27
Salesforce developer,CodersBrain,"Bengaluru, Karnataka, India",2023-05-05
Salesforce BSA,Jade Global,"Pune, Maharashtra, India",2023-06-12
Salesforce Developer,Dōsti Global,India,2023-05-05
SALESFORCE DEVELOPER_TECH MAHINDRA,CodersBrain,"Nagpur, Maharashtra, India",2023-05-05
SFDC Developer,Futran Solutions,"Pune, Maharashtra, India",2023-06-06
Salesforce Developer,Emorphis Technologies,"Indore, Madhya Pradesh, India",2023-06-06
Sr Salesforce Developer,WHISHWORKS is now Coforge,"Gautam Buddha Nagar, Uttar Pradesh, India",2022-06-18
Salesforce Developer,QSC,"Bengaluru, Karnataka, India",2023-06-09
Certified Salesforce developer_NEHA_TROOTECH,CodersBrain,"Bengaluru, Karnataka, India",2023-05-05
Salesforce LWC Developer,CodersBrain,"Bengaluru, Karnataka, India",2023-05-05
Salesforce developer,Green Clover,"Mumbai, Maharashtra, India",2023-05-05
Salesforce Developer,Adita Technologies,"Chennai, Tamil Nadu, India",2023-06-05
Salesforce Developer,Cambridge Technology (CT),"Hyderabad, Telangana, India",2023-05-05
Salesforce Developer_ritika_ELFonze,CodersBrain,"Noida, Uttar Pradesh, India",2023-05-05
Salesforce admin,NuStar Technologies,"Hyderabad, Telangana, India",2023-03-09
Salesforce Developer,Colan Infotech Private Limited,"Chennai, Tamil Nadu, India",2023-06-05
Salesforce Developer_Bharti_Talent On Lease,CodersBrain,"Bengaluru, Karnataka, India",2023-05-01
Salesforce Admin,NuStar Technologies,"Hyderabad, Telangana, India",2023-02-16
Salesforce Developer (PL420),Paralucent,India,2023-03-31
Senior Salesforce Developer,Victrix Systems & Labs,"Pune, Maharashtra, India",2023-05-05
Salesforce Developer,Rudhra Info Solutions,"Chennai, Tamil Nadu, India",2023-06-06
Salesforce Developer,Swadesh Softwares Pvt Ltd,"Asansol, West Bengal, India",2023-05-05
Sr Salesforce Developer,Aspen Technology,"Bengaluru, Karnataka, India",
"Salesforce Lightning, LWC & Aura, SF Apex",Fusion Plus Solutions Inc,"Hyderabad, Telangana, India",2023-05-11
Senior Salesforce Developer,Open Hand Solutions,"Chandigarh, Chandigarh, India",2023-05-05
Salesforce Developer,Digi Upaay Solutions Pvt Ltd,"Bengaluru North, Karnataka, India",2023-06-06
Salesforce Developer,Krishpar Technologies Pvt. Ltd,"Chennai, Tamil Nadu, India",2023-06-05
Salesforce Lead developer,Green Clover,"Mumbai, Maharashtra, India",2023-06-07
Salesforce Developer,Fusion Plus Solutions Inc,"Hyderabad, Telangana, India",2023-05-11
Salesforce consultant,ITTDigital,"Bengaluru, Karnataka, India",2023-05-31
Salesforce Developer with LWC (Pune)_Bharti_RF,CodersBrain,"Pune, Maharashtra, India",2023-05-05
Salesforce Developer,Reqroots Private Ltd,"Coimbatore, Tamil Nadu, India",2023-06-06
Salesforce Developer,Nixsol Inc,"Hyderabad, Telangana, India",2023-05-11
Salesforce Developer - Kochi,RipplesIndia Group,"Kochi, Kerala, India",2022-12-17
Salesforce Developer,xTag,India,2023-05-05
Salesforce Marketing Cloud Developer (Immediate Joiners),StatusNeo,"Mumbai, Maharashtra, India",2023-06-06
Salesforce Developer,Concinnity Media Technologies,"Bengaluru North, Karnataka, India",2023-06-06
salesforce developer,Changeleaders.in,"Hyderabad, Telangana, India",2023-05-27
Sr Salesforce Developer,Aspen Technology,"Bengaluru, Karnataka, India",
Salesforce Developers,Unnati,"Chandigarh, Chandigarh, India",2023-06-06
Salesforce Developer,Centelon Solutions,"Mumbai, Maharashtra, India",2023-06-06
Salesforce LWC Developer,Stratonik,India,2023-05-05
Senior Salesforce Developer,Hirenture,"Thiruvananthapuram, Kerala, India",2023-05-29
Salesforce Consultant,Webkul,"Noida, Uttar Pradesh, India",2023-06-06
SFDC Junior Developer_Ritika_ELFONZE,CodersBrain,"Noida, Uttar Pradesh, India",2023-05-05
Salesforce developer_Varsha_6+Years_ Immediate to 30 Days,CodersBrain,"Hyderabad, Telangana, India",2023-05-05
Salesforce Developer,Anuyat,"Pune, Maharashtra, India",2023-05-31
Senior Salesforce Developer,Horizontal Digital,"Vadodara, Gujarat, India",2023-05-28
Salesforce Developer_Bharti_Talent On Lease,CodersBrain,"Bengaluru, Karnataka, India",2023-05-01
SFDC Developer,Fusion Plus Solutions Inc,"Hyderabad, Telangana, India",2023-05-11
Salesforce Developer - Lead,Aakash Educational Services Limited,"Noida, Uttar Pradesh, India",2023-05-03
Salesforce Developer,Cloud Savvy Consulting,"Gurgaon, Haryana, India",2023-05-11
Salesforce Developer,Mobile Programming LLC,"Bengaluru North, Karnataka, India",2023-06-06
Sr. Software Engineer - Salesforce Development Job,YASH Technologies,"Pune, Maharashtra, India",2023-06-12
Senior Salesforce Developer,Convera,"Pune, Maharashtra, India",2023-05-25
Salesforce (SFDC) Architect - 100% Remote Job,Ennsee Technologies,"Bengaluru East, Karnataka, India",2023-06-12
Salesforce Developer,TTEC Digital,"Hyderabad, Telangana, India",2023-06-05
Salesforce Core Senior Developer,Tryzens,"Thiruvananthapuram, Kerala, India",2023-04-03
Salesforce Developer,Concinnity Media Technologies,"Bengaluru North, Karnataka, India",2023-06-06
Senior Salesforce Developer,NuStar Technologies,"Bangalore Urban, Karnataka, India",2023-03-09
Salesforce Developer (3+ years of experience in LWC/Aura),FIS,"Bengaluru, Karnataka, India",2023-06-09
Salesforce Developer,Adita Technologies,"Chennai, Tamil Nadu, India",2023-06-05
Salesforce developer_Tech Mahindra,CodersBrain,"Nagpur, Maharashtra, India",2023-05-05
Salesforce Developer (4-5 years),Acuity Knowledge Partners,"Gurugram, Haryana, India",2023-06-12
Salesforce Developer,SyManSys Technologies India Pvt. Ltd.,"Noida, Uttar Pradesh, India",2023-06-06
Salesforce Developer,SaiVa SysTem – a CMMI Level III Company,"Hyderabad, Telangana, India",2023-06-06
Senior Salesforce Developer,Arista Networks,"Pune, Maharashtra, India",2023-06-06
Salesforce Tech lead-Salesforce,Angel and Genie,"Hyderabad, Telangana, India",2023-05-07
Salesforce Lead (6-7 years)(Bombay)_Bharti,CodersBrain,"Mumbai, Maharashtra, India",2023-05-30
Senior Salesforce Admin,Papaya Global,"Bengaluru, Karnataka, India",2023-06-05
Salesforce Developer,SAPPHIRE MANAGEMENT CONSULTANCY LIMITED,"Mumbai, Maharashtra, India",2023-06-06
Salesforce Consultant,ESSENWARE PRIVATE LIMITED,"Bengaluru, Karnataka, India",2023-01-09
Salesforce Developer,Nixsol Inc,"Hyderabad, Telangana, India",2023-05-11
Salesforce_Saloni_EMIDS,CodersBrain,"Bengaluru, Karnataka, India",2023-04-10
Salesforce Developer / Senior Salesforce Developer,Provar,"Gurugram, Haryana, India",2023-05-17
Salesforce Adminastration_Anjali_Deus,CodersBrain,"Bengaluru, Karnataka, India",2023-05-05
Salesforce developer,Amtex Systems Inc.,"Chennai, Tamil Nadu, India",2023-01-10
Salesforce LWC Developer,Stratonik,India,2023-05-05
Salesforce Developer,Fusion Plus Solutions Inc,"Hyderabad, Telangana, India",2023-05-11
Salesforce Developer,ATMECS Global Inc,"Bengaluru East, Karnataka, India",2023-05-11
Salesforce Developer,Catalyst IQ,"Hyderabad, Telangana, India",2023-06-06
Salesforce Developer,D Recruitment Company,"Hyderabad, Telangana, India",2023-05-05
Salesforce LWC developer_Rapid Force,CodersBrain,"Bengaluru, Karnataka, India",2023-04-10
Salesforce LWC_Aastha_Mobillor,CodersBrain,"Bengaluru, Karnataka, India",2023-05-05
Salesforce Developer (4-5 years),Acuity Knowledge Partners,"Gurugram, Haryana, India",2023-06-12
Salesforce LWC Developer_Rapid Force,CodersBrain,"Bengaluru, Karnataka, India",2023-04-10
Salesforce Developer,Response Informatics,"Bengaluru East, Karnataka, India",2023-05-11
Senior SFCC Developer,Globant,"Pune, Maharashtra, India",2023-06-12
Salesforce Developer,RASP IT Consulting services PVT Ltd,"Hyderabad, Telangana, India",2023-06-05
Salesforce Developer,CodersBrain,"Bengaluru, Karnataka, India",2023-05-05
Senior Salesforce Developer,Horizontal Digital,"Jaipur, Rajasthan, India",2023-05-03
Jr. Salesforce Developer,Rialtes Technologies,"Pune, Maharashtra, India",2023-05-30
Need now Sales Operations Lead,edynamic,"Bengaluru, Karnataka, India",2023-06-09
Salesforce CRMA Developer,Changeleaders.in,Pune/Pimpri-Chinchwad Area,2023-05-20
Salesforce LWC Developer,Stratonik,India,2023-05-05
Salesforce QA_Ekloud,CodersBrain,"Bengaluru, Karnataka, India",2023-04-10
Jobs on Sr. Salesforce Admin cum Developer,ESSENWARE PRIVATE LIMITED,Pune/Pimpri-Chinchwad Area,2023-03-17
Salesforce Developer,Neuronimbus,"Mumbai, Maharashtra, India",2023-06-06
Salesforce Sr. Associate,Michael Page,"Bengaluru East, Karnataka, India",2023-06-04
Senior Salesforce Developers and Architects.,Cloud Odyssey,"Bengaluru North, Karnataka, India",2023-05-05
SFDC developer_deepanshi,CodersBrain,"Bengaluru, Karnataka, India",2023-05-05
Salesforce LWC Developer,CodersBrain,"Bengaluru, Karnataka, India",2023-05-05
Salesforce Consultant,OBOX HR,"Noida, Uttar Pradesh, India",2023-04-27
Salesforce Tester_Himaja@Happiest Minds,CodersBrain,"Bengaluru, Karnataka, India",2023-05-05
Salesforce Developer - LWC,Procyon Technostructure,"Coimbatore, Tamil Nadu, India",2023-02-13
Salesforce Developer,Centelon Solutions,"Mumbai, Maharashtra, India",2023-06-06
Senior Salesforce Platform Developer,Mindcurv,Greater Coimbatore Area,2023-02-21
Salesforce Developer,Rudhra Info Solutions,"Chennai, Tamil Nadu, India",2023-06-06
Salesforce Developer || CMMI -3 || Remote Working,Ksolves India Limited,"Noida, Uttar Pradesh, India",2023-06-06
Lead Salesforce Developer [T500-7261],DocuSign,"Bengaluru, Karnataka, India",2023-05-30
Technical Lead Salesforce,Horizontal Digital,"Jaipur, Rajasthan, India",2023-05-31
Sr. Salesforce Developer,Infobahn Softworld Inc,Greater Hyderabad Area,2023-05-02
Salesforce Integration Lead_5+ years_Remote,CodersBrain,"Bengaluru, Karnataka, India",2023-04-10
Salesforce support/solution engineer,Actualize,"Bengaluru North, Karnataka, India",2023-05-05
Sr. Salesforce Developer,Infobahn Softworld Inc,Greater Hyderabad Area,2023-05-02
SFCC / Salesforce Commerce Cloud Lead,Gray Acumen,India,2023-05-05
Salesforce Developer,VSD Technologies Pvt. Ltd. - SAP Silver Partner,"Noida, Uttar Pradesh, India",2023-06-05
Salesforce Developer,HRM INFO,"Chennai, Tamil Nadu, India",2023-05-11
Senior Salesforce Developer,Fission Labs,"Hyderabad, Telangana, India",2023-06-06
Sr. Salesforce Developer,Cloudaction,"Bengaluru, Karnataka, India",2023-05-17
Salesforce Developer,CodersBrain,"Bengaluru, Karnataka, India",2023-05-05
Salesforce CRM Developer (AskMe Technologies),Sigma HR Solutions,"Noida, Uttar Pradesh, India",2023-05-05
Salesforce Developer,Fisker Inc,"Hyderabad, Telangana, India",2023-06-09
salesforce velocity developer,CodersBrain,"Bengaluru, Karnataka, India",2023-05-05
Senior Salesforce Developer,Horizontal Digital,"Jaipur, Rajasthan, India",2023-05-03
Salesforce Developer - Lead,Aakash Educational Services Limited,"Noida, Uttar Pradesh, India",2023-05-03
Salesforce Champion_Salesforce Sys Admin,CodersBrain,"Bengaluru, Karnataka, India",2023-04-10
Salesforce Sales and Service Cloud Developer,SwiftWIN | A Concord Company,"Pune, Maharashtra, India",2023-06-08
Manager - Salesforce,General Mills,"Mumbai, Maharashtra, India",2022-12-22
Sr. Salesforce Developer,Dazeworks Inc,"Kochi, Kerala, India",2023-06-06
Salesforce Administrator,Vrinda Global,"Chennai, Tamil Nadu, India",2023-06-09
Salesforce Developer_Deepanshi_itecksys,CodersBrain,"Pune, Maharashtra, India",2023-04-10
Salesforce Developer,Mobile Programming LLC,"Bengaluru North, Karnataka, India",2023-06-06
Salesforce Certified Commerce Cloud Developer - India Based - Remote,Access Global Group,India,2023-03-16
SFDC Developer,Fusion Plus Solutions Inc,"Hyderabad, Telangana, India",2023-05-11
Salesforce LWC_Nivita,CodersBrain,"Bengaluru North, Karnataka, India",2023-05-12
Salesforce Developer,Cloud Savvy Consulting,"Gurgaon, Haryana, India",2023-05-11
Salesforce Developer,Cloud Savvy Consulting,"Gurgaon, Haryana, India",2023-05-11
Salesforce Developer,"Deque Systems, Inc","Hyderabad, Telangana, India",2023-04-03
Salesforce Developer,"Deque Systems, Inc","Hyderabad, Telangana, India",2023-04-03
Salesforce Developer_ EK CLOUD,CodersBrain,"Bengaluru, Karnataka, India",2023-04-10
Salesforce Developer,RASP IT Consulting services PVT Ltd,"Hyderabad, Telangana, India",2023-06-05
Salesforce Developer// Mumbai - 4 to 6 years,Randstad India,"Mumbai, Maharashtra, India",2022-12-21
Salesforce Developer,TechMatrix Consulting,"Delhi, India",2023-06-06
Lead Engineer - Salesforce,Pine Labs,"Bengaluru, Karnataka, India",
Salesforce Developer,Zigsaw,"Bengaluru North, Karnataka, India",2023-05-09
Salesforce Sr. Associate,Michael Page,"Bengaluru East, Karnataka, India",2023-06-04
Salesforce Developer / Lead,TechStar Group,"Hyderabad, Telangana, India",2023-06-06
"Senior Software Engineer, Developer - Salesforce",Bristol Myers Squibb,"Hyderabad, Telangana, India",2023-06-07
SFCC,Brillio,"Bengaluru, Karnataka, India",2023-06-08
SFDC Developer,CodersBrain,"Bengaluru, Karnataka, India",2023-05-05
Salesforce Release Manager,WHISHWORKS is now Coforge,"Gautam Buddha Nagar, Uttar Pradesh, India",2022-06-18
Senior Salesforce Developer,SLP-Tele,"Chennai, Tamil Nadu, India",2023-05-19
Salesforce Developer,TTEC Digital,"Hyderabad, Telangana, India",2023-06-05
Salesforce Developer,Nivasoft,"Bengaluru East, Karnataka, India",2023-05-11
Salesforce Developer| Experience 4 to 7year | Ahmd,Vedlogic Solutions Pvt. Ltd.,"Ahmedabad, Gujarat, India",2023-06-05
Salesforce Developer| Experience 4 to 7year | Ahmd,Vedlogic Solutions Pvt. Ltd.,"Ahmedabad, Gujarat, India",2023-06-05
Senior Consultant - Salesforce,MTX Group,"Hyderabad, Telangana, India",2023-06-13
Salesforce Specialist,fifthnote-An Ensemble Health Partners Company,"New Chandigarh, Punjab, India",2023-05-05
Account Executive,Varun Enterprises,"Faridabad, Haryana, India",2023-06-13
Salesforce Developer (3+ years of experience in LWC/Aura),FIS,"Bengaluru, Karnataka, India",2023-06-09
Account Executive,Varun Enterprises,"Delhi, India",2023-06-13
"Senior Platform Developer, Salesforce Delivery",Grab,"Bengaluru East, Karnataka, India",2023-06-08
Salesforce Vlocity Developer,Incessant Technologies is now Coforge,"Bengaluru, Karnataka, India",2023-03-28
,,"Thane, Maharashtra, India",2023-04-22
Lead Business Analyst (Salesforce),Antal International,"Hyderabad, Telangana, India",2023-06-08
Salesforce Admin with Devops_Happiest minds_Bangalore,CodersBrain,"Bengaluru North, Karnataka, India",2023-05-05
Salesforce LWC_Aastha_Mobillor,CodersBrain,"Bengaluru, Karnataka, India",2023-05-05
,,"Delhi, India",2023-06-02
Salesforce Developer - Lead,Aakash Educational Services Limited,"Noida, Uttar Pradesh, India",2023-05-03
Sr.Salesforce Developer - C004,ContinuServe,"Bengaluru, Karnataka, India",2023-05-05
Senior Developer - Salesforce CRM,Srijan- A Material+ Company,"Hyderabad, Telangana, India",2023-06-08
Salesforce Developer - Kochi,RipplesIndia Group,"Kochi, Kerala, India",2022-12-17
Salesforce Developer,Elgebra,Greater Kolkata Area,2023-06-05
Salesforce Developer,CG Infinity,"Noida, Uttar Pradesh, India",2023-03-28
Functional Analyst - Salesforce,Talent500,"Kondapur, Telangana, India",2023-06-09
MindZcloud Technologies - Business Analyst - Salesforce Solutions,mindZcloud Technologies,"Nagpur, Maharashtra, India",2023-06-10
Salesforce Developer,NR Consulting,"Hyderabad, Telangana, India",2023-05-13
CRM Business Analyst,Alp Consulting Ltd.,"Chennai, Tamil Nadu, India",2023-05-18
Business Systems Analysis Senior Associate (contract),Equinix,"Mumbai, Maharashtra, India",2023-04-03
Senior Software Engineer - Mulesoft [T500-7263],DocuSign,"Bengaluru, Karnataka, India",2023-05-30
Interesting Job Opportunity: Tech Lead - Salesforce Technologies,Marktine Technology Solutions Pvt Ltd,"Noida, Uttar Pradesh, India",2023-04-27
"Senior Software Engineer, Salesforce",Green Clover,"Mumbai, Maharashtra, India",2023-04-10
Salesforce CRM Developer (AskMe Technologies),Sigma HR Solutions,"Noida, Uttar Pradesh, India",2023-05-05
Senior Salesforce Business Analyst,Denodo,"Chennai, Tamil Nadu, India",
Salesforce Lead,Idox plc,"Pune, Maharashtra, India",2023-06-12
Senior Salesforce Service Cloud Developer - Implementation,SCREATIVES SOFTWARE SERVICES PVT. LTD,"Hyderabad, Telangana, India",2023-06-02
Project Manager - Salesforce - Cell Therapy,Bristol Myers Squibb,"Hyderabad, Telangana, India",2023-05-23
Salesforce Project Manager,Unnati,"Delhi, India",2023-06-06
